id,first_name,last_name,email,gender,ip_address
1,Kacy,Yardley,kyardley0@ebay.com,Female,130.207.41.182
2,Mylo,Oley,moley1@mediafire.com,Male,24.137.81.179
3,Calli,Metzig,cmetzig2@icq.com,Female,132.193.25.247
4,Wanids,McCollum,wmccollum3@bing.com,Female,162.142.226.43
5,Hendrika,Warrington,hwarrington4@usatoday.com,Female,249.64.213.254
6,Onofredo,Gardiner,ogardiner5@hibu.com,Male,46.60.238.218
7,Ronda,Kilmaster,rkilmaster6@flickr.com,Female,128.245.189.37
8,Constancy,Ballentime,cballentime7@technorati.com,Female,242.245.12.140
9,Langston,Bikker,lbikker8@miitbeian.gov.cn,Male,178.161.223.34
10,Kippar,Hafford,khafford9@list-manage.com,Male,92.133.117.67
11,Coreen,Camoys,ccamoysa@economist.com,Female,143.105.245.197
12,Birk,Gautrey,bgautreyb@a8.net,Male,202.16.127.139
13,Kaylyn,Sitlinton,ksitlintonc@yale.edu,Female,92.133.14.246
14,Livvie,Pallatina,lpallatinad@typepad.com,Female,37.211.177.24
15,Lotta,Antunes,lantunese@skype.com,Female,206.62.73.180
16,Bucky,Saltmarsh,bsaltmarshf@furl.net,Male,162.75.20.206
17,Jorrie,Phizaclea,jphizacleag@nba.com,Female,223.78.37.240
18,Ernestus,Garford,egarfordh@mapy.cz,Male,88.208.122.98
19,Byran,Trewman,btrewmani@clickbank.net,Male,235.114.125.168
20,Irena,Dargie,idargiej@jiathis.com,Female,192.18.44.251
21,Cross,Hartburn,chartburnk@comsenz.com,Male,222.86.221.115
22,Ardys,Copestick,acopestickl@tuttocitta.it,Female,94.75.238.34
23,Jilly,Jaxon,jjaxonm@wordpress.org,Female,38.113.9.185
24,Frans,Oldroyde,foldroyden@netlog.com,Male,30.54.27.171
25,Cord,Munby,cmunbyo@acquirethisname.com,Male,18.192.202.5
26,Marlene,Alflat,malflatp@spiegel.de,Female,106.4.87.207
27,Dory,Gilleson,dgillesonq@phpbb.com,Female,23.84.245.197
28,Chad,Turmall,cturmallr@twitter.com,Female,251.182.36.36
29,Colette,Morales,cmoraless@geocities.com,Female,131.95.92.62
30,Grayce,Gunn,ggunnt@jugem.jp,Female,55.4.135.176
