id,first_name,last_name,email,gender,ip_address,id,first_name,last_name,email,gender,ip_address
1,Panchito,Galero,pgalero0@elpais.com,Male,137.192.109.183,1,Kacy,Yardley,kyardley0@ebay.com,Female,130.207.41.182
2,Filberte,Mostyn,fmostyn1@pinterest.com,Male,107.105.23.238,2,Mylo,Oley,moley1@mediafire.com,Male,24.137.81.179
3,Desiri,Lerway,dlerway2@sourceforge.net,Female,198.91.43.225,3,Calli,Metzig,cmetzig2@icq.com,Female,132.193.25.247
4,Oona,Zecchinii,ozecchinii3@uol.com.br,Female,30.82.164.212,4,Wanids,McCollum,wmccollum3@bing.com,Female,162.142.226.43
5,Frasier,Oram,foram4@abc.net.au,Male,154.64.121.51,5,Hendrika,Warrington,hwarrington4@usatoday.com,Female,249.64.213.254
6,Merle,Ochterlony,mochterlony5@discovery.com,Male,106.180.147.123,6,Onofredo,Gardiner,ogardiner5@hibu.com,Male,46.60.238.218
7,Rick,Salan,rsalan6@dailymail.co.uk,Male,23.34.147.146,7,Ronda,Kilmaster,rkilmaster6@flickr.com,Female,128.245.189.37
8,Harald,Capsey,hcapsey7@smugmug.com,Male,111.84.109.167,8,Constancy,Ballentime,cballentime7@technorati.com,Female,242.245.12.140
9,Dylan,Archbald,darchbald8@time.com,Male,186.2.78.16,9,Langston,Bikker,lbikker8@miitbeian.gov.cn,Male,178.161.223.34
10,Stephan,Joy,sjoy9@dmoz.org,Male,184.10.48.187,10,Kippar,Hafford,khafford9@list-manage.com,Male,92.133.117.67
11,Gorden,Ferryman,gferrymana@auda.org.au,Male,88.131.220.156,11,Coreen,Camoys,ccamoysa@economist.com,Female,143.105.245.197
12,Sanderson,Lawden,slawdenb@github.io,Male,88.56.235.67,12,Birk,Gautrey,bgautreyb@a8.net,Male,202.16.127.139
13,Shanie,Gwalter,sgwalterc@vinaora.com,Female,1.95.251.61,13,Kaylyn,Sitlinton,ksitlintonc@yale.edu,Female,92.133.14.246
14,Floria,Kirsche,fkirsched@furl.net,Female,54.194.230.105,14,Livvie,Pallatina,lpallatinad@typepad.com,Female,37.211.177.24
15,Chaddy,Huntar,chuntare@hud.gov,Male,116.166.52.130,15,Lotta,Antunes,lantunese@skype.com,Female,206.62.73.180
16,Ginelle,Coda,gcodaf@altervista.org,Female,153.173.36.246,16,Bucky,Saltmarsh,bsaltmarshf@furl.net,Male,162.75.20.206
17,Faustine,Domoni,fdomonig@hexun.com,Female,214.49.53.59,17,Jorrie,Phizaclea,jphizacleag@nba.com,Female,223.78.37.240
18,Rockwell,McGahern,rmcgahernh@google.de,Male,220.205.145.12,18,Ernestus,Garford,egarfordh@mapy.cz,Male,88.208.122.98
19,Tobit,Cafe,tcafei@fastcompany.com,Male,88.176.248.9,19,Byran,Trewman,btrewmani@clickbank.net,Male,235.114.125.168
20,Calida,Hollyland,chollylandj@webeden.co.uk,Female,75.216.218.211,20,Irena,Dargie,idargiej@jiathis.com,Female,192.18.44.251
21,Elisha,Dulany,edulanyk@nationalgeographic.com,Male,40.53.210.133,21,Cross,Hartburn,chartburnk@comsenz.com,Male,222.86.221.115
22,Gigi,Blandford,gblandfordl@dion.ne.jp,Female,58.119.63.38,22,Ardys,Copestick,acopestickl@tuttocitta.it,Female,94.75.238.34
23,Vyky,Massy,vmassym@upenn.edu,Female,128.191.166.209,23,Jilly,Jaxon,jjaxonm@wordpress.org,Female,38.113.9.185
24,Mei,De Cristoforo,mdecristoforon@furl.net,Female,188.168.221.45,24,Frans,Oldroyde,foldroyden@netlog.com,Male,30.54.27.171
25,Kaela,Gouley,kgouleyo@businesswire.com,Female,67.105.63.104,25,Cord,Munby,cmunbyo@acquirethisname.com,Male,18.192.202.5
26,Gil,Ritch,gritchp@squarespace.com,Male,161.188.40.125,26,Marlene,Alflat,malflatp@spiegel.de,Female,106.4.87.207
27,Rabbi,Stoltz,rstoltzq@jigsy.com,Male,165.169.212.93,27,Dory,Gilleson,dgillesonq@phpbb.com,Female,23.84.245.197
28,Woodrow,Appleby,wapplebyr@livejournal.com,Male,115.242.40.218,28,Chad,Turmall,cturmallr@twitter.com,Female,251.182.36.36
29,Garrek,Roo,groos@sitemeter.com,Male,35.24.59.125,29,Colette,Morales,cmoraless@geocities.com,Female,131.95.92.62
30,Tristan,Smitheman,tsmithemant@europa.eu,Male,193.2.215.1,30,Grayce,Gunn,ggunnt@jugem.jp,Female,55.4.135.176
