id,first_name,last_name,email,gender,ip_address
1,Panchito,Galero,pgalero0@elpais.com,Male,137.192.109.183
2,Filberte,Mostyn,fmostyn1@pinterest.com,Male,107.105.23.238
3,Desiri,Lerway,dlerway2@sourceforge.net,Female,198.91.43.225
4,Oona,Zecchinii,ozecchinii3@uol.com.br,Female,30.82.164.212
5,Frasier,Oram,foram4@abc.net.au,Male,154.64.121.51
6,Merle,Ochterlony,mochterlony5@discovery.com,Male,106.180.147.123
7,Rick,Salan,rsalan6@dailymail.co.uk,Male,23.34.147.146
8,Harald,Capsey,hcapsey7@smugmug.com,Male,111.84.109.167
9,Dylan,Archbald,darchbald8@time.com,Male,186.2.78.16
10,Stephan,Joy,sjoy9@dmoz.org,Male,184.10.48.187
11,Gorden,Ferryman,gferrymana@auda.org.au,Male,88.131.220.156
12,Sanderson,Lawden,slawdenb@github.io,Male,88.56.235.67
13,Shanie,Gwalter,sgwalterc@vinaora.com,Female,1.95.251.61
14,Floria,Kirsche,fkirsched@furl.net,Female,54.194.230.105
15,Chaddy,Huntar,chuntare@hud.gov,Male,116.166.52.130
16,Ginelle,Coda,gcodaf@altervista.org,Female,153.173.36.246
17,Faustine,Domoni,fdomonig@hexun.com,Female,214.49.53.59
18,Rockwell,McGahern,rmcgahernh@google.de,Male,220.205.145.12
19,Tobit,Cafe,tcafei@fastcompany.com,Male,88.176.248.9
20,Calida,Hollyland,chollylandj@webeden.co.uk,Female,75.216.218.211
21,Elisha,Dulany,edulanyk@nationalgeographic.com,Male,40.53.210.133
22,Gigi,Blandford,gblandfordl@dion.ne.jp,Female,58.119.63.38
23,Vyky,Massy,vmassym@upenn.edu,Female,128.191.166.209
24,Mei,De Cristoforo,mdecristoforon@furl.net,Female,188.168.221.45
25,Kaela,Gouley,kgouleyo@businesswire.com,Female,67.105.63.104
26,Gil,Ritch,gritchp@squarespace.com,Male,161.188.40.125
27,Rabbi,Stoltz,rstoltzq@jigsy.com,Male,165.169.212.93
28,Woodrow,Appleby,wapplebyr@livejournal.com,Male,115.242.40.218
29,Garrek,Roo,groos@sitemeter.com,Male,35.24.59.125
30,Tristan,Smitheman,tsmithemant@europa.eu,Male,193.2.215.1
id,first_name,last_name,email,gender,ip_address
